Feature,Importance
is_https,0.4096985461895553
path_length,0.1622665932748676
num_slashes,0.1361122575697136
num_digits,0.05611360460390704
num_special_chars,0.054441192567086974
digit_ratio,0.04738248250247631
url_entropy,0.022593571850632186
has_suspicious_tld,0.019416216788489336
num_subdomains,0.018343864556753558
url_length,0.017437700027517704
num_letters,0.014805464205237014
domain_length,0.013545222492900742
letter_ratio,0.010135562561695477
num_dots,0.00679724737138978
special_char_ratio,0.004052921038628328
num_hyphens,0.003967717932202886
has_suspicious_keywords,0.002401772175688771
num_question_marks,0.00043082549557728377
num_at_symbols,3.311172374121085e-05
num_equals,2.3706701669217307e-05
is_domain_ip,4.183702694947763e-07
num_ampersands,0.0
has_url_encoding,0.0
